msg_id,sender,receiver,payload_size_B,time_send_ms,time_receive_ms,actual_delay_ms,predicted_delay_ms,sender_average_outgoing_delay_ms,sender_average_incoming_delay_ms,sender_num_messages_sent_simultaneously,receiver_average_outgoing_delay_ms,receiver_average_incoming_delay_ms,receiver_num_messages_sent_simultaneously,network_average_delay_ms,network_num_messages_in_transit,network_num_busy_links,network_num_network_nodes,network_num_messages_sent_simultaneously
msg_0,node4,node0,315,1000,1053.0,53.0,,,,4,,,0,,4,4,5,4
msg_1,node4,node1,315,1000,1059.0,59.0,,53.0,,4,,,0,53.0,3,3,5,4
msg_2,node4,node2,315,1000,1070.0,70.0,,56.0,,4,,,0,56.0,2,2,5,4
msg_3,node4,node3,315,1000,1081.0,81.0,,56.0,,4,,,0,56.0,2,2,5,4
msg_4,node4,node0,315,2000,2053.0,53.0,,65.75,,4,,53.0,0,65.75,4,4,5,4
msg_5,node4,node1,315,2000,2059.0,59.0,,63.2,,4,,59.0,0,63.2,3,3,5,4
msg_6,node4,node2,315,2000,2070.0,70.0,,63.2,,4,,70.0,0,63.2,3,3,5,4
msg_7,node4,node3,315,2000,2081.0,81.0,,63.2,,4,,81.0,0,63.2,3,3,5,4
msg_8,node4,node0,315,3000,3052.0,52.0,,65.75,,4,,53.0,0,65.75,4,4,5,4
msg_9,node4,node1,315,3000,3058.0,58.0,,64.22222222222223,,4,,59.0,0,64.22222222222223,3,3,5,4
msg_10,node4,node2,316,3000,3069.0,69.0,,63.6,,4,,70.0,0,63.6,2,2,5,4
msg_11,node4,node3,316,3000,3080.0,80.0,,63.6,,4,,81.0,0,63.6,2,2,5,4
msg_12,node4,node0,316,4000,4053.0,53.0,,65.41666666666667,,4,,52.666666666666664,0,65.41666666666667,4,4,5,4
msg_13,node4,node1,316,4000,4059.0,59.0,,64.46153846153847,,4,,58.666666666666664,0,64.46153846153847,3,3,5,4
msg_14,node4,node2,316,4000,4070.0,70.0,,64.46153846153847,,4,,69.66666666666667,0,64.46153846153847,3,3,5,4
msg_15,node4,node3,316,4000,4081.0,81.0,,64.46153846153847,,4,,80.66666666666667,0,64.46153846153847,3,3,5,4
msg_16,node4,node0,316,5000,5052.0,52.0,,65.5,,4,,52.75,0,65.5,4,4,5,4
msg_17,node4,node1,316,5000,5058.0,58.0,,64.70588235294117,,4,,58.75,0,64.70588235294117,3,3,5,4
msg_18,node4,node2,316,5000,5069.0,69.0,,64.33333333333333,,4,,69.75,0,64.33333333333333,2,2,5,4
msg_19,node4,node3,316,5000,5080.0,80.0,,64.33333333333333,,4,,80.75,0,64.33333333333333,2,2,5,4
msg_20,node4,node0,316,6000,6053.0,53.0,,65.35,,4,,52.6,0,65.35,4,4,5,4
msg_21,node4,node1,316,6000,6059.0,59.0,,64.76190476190476,,4,,58.6,0,64.76190476190476,3,3,5,4
msg_22,node4,node2,316,6000,6070.0,70.0,,64.76190476190476,,4,,69.6,0,64.76190476190476,3,3,5,4
msg_23,node4,node3,316,6000,6081.0,81.0,,64.76190476190476,,4,,80.6,0,64.76190476190476,3,3,5,4
msg_24,node4,node0,316,7000,7052.0,52.0,,65.41666666666667,,4,,52.666666666666664,0,65.41666666666667,4,4,5,4
msg_25,node4,node1,316,7000,7058.0,58.0,,64.88,,4,,58.666666666666664,0,64.88,3,3,5,4
msg_26,node4,node2,316,7000,7069.0,69.0,,64.88,,4,,69.66666666666667,0,64.88,3,3,5,4
msg_27,node4,node3,316,7000,7080.0,80.0,,64.77777777777777,,4,,80.66666666666667,0,64.77777777777777,1,1,5,4
msg_28,node4,node0,316,8000,8052.0,52.0,,65.32142857142857,,4,,52.57142857142857,0,65.32142857142857,4,4,5,4
msg_29,node4,node1,316,8000,8058.0,58.0,,64.86206896551724,,4,,58.57142857142857,0,64.86206896551724,3,3,5,4
msg_30,node4,node2,316,8000,8069.0,69.0,,64.86206896551724,,4,,69.57142857142857,0,64.86206896551724,3,3,5,4
msg_31,node4,node3,316,8000,8080.0,80.0,,64.7741935483871,,4,,80.57142857142857,0,64.7741935483871,1,1,5,4
msg_32,node4,node0,316,9000,9053.0,53.0,,65.25,,4,,52.5,0,65.25,4,4,5,4
msg_33,node4,node1,316,9000,9059.0,59.0,,65.25,,4,,58.5,0,65.25,4,4,5,4
msg_34,node4,node2,316,9000,9070.0,70.0,,64.70588235294117,,4,,69.5,0,64.70588235294117,2,2,5,4
msg_35,node4,node3,316,9000,9081.0,81.0,,64.70588235294117,,4,,80.5,0,64.70588235294117,2,2,5,4
msg_36,node4,node0,316,10000,10053.0,53.0,,65.30555555555556,,4,,52.55555555555556,0,65.30555555555556,4,4,5,4
msg_37,node4,node1,316,10000,10059.0,59.0,,65.30555555555556,,4,,58.55555555555556,0,65.30555555555556,4,4,5,4
msg_38,node4,node2,316,10000,10070.0,70.0,,64.8157894736842,,4,,69.55555555555556,0,64.8157894736842,2,2,5,4
msg_39,node4,node3,316,10000,10081.0,81.0,,64.8157894736842,,4,,80.55555555555556,0,64.8157894736842,2,2,5,4
msg_40,node4,node0,316,11000,11053.0,53.0,,65.35,,4,,52.6,0,65.35,4,4,5,4
msg_41,node4,node1,316,11000,11059.0,59.0,,65.35,,4,,58.6,0,65.35,4,4,5,4
msg_42,node4,node2,316,11000,11070.0,70.0,,64.9047619047619,,4,,69.6,0,64.9047619047619,2,2,5,4
msg_43,node4,node3,316,11000,11081.0,81.0,,64.9047619047619,,4,,80.6,0,64.9047619047619,2,2,5,4
msg_44,node4,node0,316,12000,12053.0,53.0,,65.38636363636364,,4,,52.63636363636363,0,65.38636363636364,4,4,5,4
msg_45,node4,node1,316,12000,12059.0,59.0,,65.11111111111111,,4,,58.63636363636363,0,65.11111111111111,3,3,5,4
msg_46,node4,node2,316,12000,12070.0,70.0,,65.11111111111111,,4,,69.63636363636364,0,65.11111111111111,3,3,5,4
msg_47,node4,node3,316,12000,12081.0,81.0,,65.11111111111111,,4,,80.63636363636364,0,65.11111111111111,3,3,5,4
msg_48,node4,node0,316,13000,13052.0,52.0,,65.41666666666667,,4,,52.666666666666664,0,65.41666666666667,4,4,5,4
msg_49,node4,node1,316,13000,13058.0,58.0,,65.14285714285714,,4,,58.666666666666664,0,65.14285714285714,3,3,5,4
msg_50,node4,node2,316,13000,13069.0,69.0,,65.14285714285714,,4,,69.66666666666667,0,65.14285714285714,3,3,5,4
msg_51,node4,node3,316,13000,13080.0,80.0,,65.07843137254902,,4,,80.66666666666667,0,65.07843137254902,1,1,5,4
msg_52,node4,node0,316,14000,14052.0,52.0,,65.36538461538461,,4,,52.61538461538461,0,65.36538461538461,4,4,5,4
msg_53,node4,node1,316,14000,14058.0,58.0,,65.11320754716981,,4,,58.61538461538461,0,65.11320754716981,3,3,5,4
msg_54,node4,node2,316,14000,14069.0,69.0,,65.11320754716981,,4,,69.61538461538461,0,65.11320754716981,3,3,5,4
msg_55,node4,node3,316,14000,14080.0,80.0,,65.05454545454545,,4,,80.61538461538461,0,65.05454545454545,1,1,5,4
msg_56,node4,node0,316,15000,15052.0,52.0,,65.32142857142857,,4,,52.57142857142857,0,65.32142857142857,4,4,5,4
msg_57,node4,node1,316,15000,15058.0,58.0,,65.08771929824562,,4,,58.57142857142857,0,65.08771929824562,3,3,5,4
msg_58,node4,node2,316,15000,15069.0,69.0,,65.08771929824562,,4,,69.57142857142857,0,65.08771929824562,3,3,5,4
msg_59,node4,node3,316,15000,15080.0,80.0,,65.03389830508475,,4,,80.57142857142857,0,65.03389830508475,1,1,5,4
msg_60,node4,node0,316,16000,16052.0,52.0,,65.28333333333333,,4,,52.53333333333333,0,65.28333333333333,4,4,5,4
msg_61,node4,node1,316,16000,16058.0,58.0,,65.06557377049181,,4,,58.53333333333333,0,65.06557377049181,3,3,5,4
msg_62,node4,node2,316,16000,16068.0,68.0,,65.06557377049181,,4,,69.53333333333333,0,65.06557377049181,3,3,5,4
msg_63,node4,node3,316,16000,16079.0,79.0,,65.0,,4,,80.53333333333333,0,65.0,1,1,5,4
msg_64,node4,node0,316,17000,17053.0,53.0,,65.21875,,4,,52.5,0,65.21875,4,4,5,4
msg_65,node4,node1,316,17000,17059.0,59.0,,65.03076923076924,,4,,58.5,0,65.03076923076924,3,3,5,4
msg_66,node4,node2,316,17000,17070.0,70.0,,65.03076923076924,,4,,69.4375,0,65.03076923076924,3,3,5,4
msg_67,node4,node3,316,17000,17081.0,81.0,,65.03076923076924,,4,,80.4375,0,65.03076923076924,3,3,5,4
msg_68,node4,node0,316,18000,18052.0,52.0,,65.25,,4,,52.529411764705884,0,65.25,4,4,5,4
msg_69,node4,node1,316,18000,18058.0,58.0,,65.05797101449275,,4,,58.529411764705884,0,65.05797101449275,3,3,5,4
msg_70,node4,node2,316,18000,18069.0,69.0,,64.95714285714286,,4,,69.47058823529412,0,64.95714285714286,2,2,5,4
msg_71,node4,node3,316,18000,18080.0,80.0,,64.95714285714286,,4,,80.47058823529412,0,64.95714285714286,2,2,5,4
msg_72,node4,node0,316,19000,19053.0,53.0,,65.22222222222223,,4,,52.5,0,65.22222222222223,4,4,5,4
msg_73,node4,node1,316,19000,19059.0,59.0,,65.05479452054794,,4,,58.5,0,65.05479452054794,3,3,5,4
msg_74,node4,node2,316,19000,19070.0,70.0,,65.05479452054794,,4,,69.44444444444444,0,65.05479452054794,3,3,5,4
msg_75,node4,node3,316,19000,19081.0,81.0,81.0,65.05479452054794,,4,,80.44444444444444,0,65.05479452054794,3,3,5,4
msg_76,node4,node0,316,20000,20052.0,52.0,51.0,65.25,,4,,52.526315789473685,0,65.25,4,4,5,4
msg_77,node4,node1,316,20000,20058.0,58.0,58.0,65.07792207792208,,4,,58.526315789473685,0,65.07792207792208,3,3,5,4
msg_78,node4,node2,316,20000,20069.0,69.0,69.0,64.98717948717949,,4,,69.47368421052632,0,64.98717948717949,2,2,5,4
msg_79,node4,node3,316,20000,20080.0,80.0,80.0,64.98717948717949,,4,,80.47368421052632,0,64.98717948717949,2,2,5,4
msg_80,node4,node0,316,21000,21053.0,53.0,53.0,65.225,,4,,52.5,0,65.225,4,4,5,4
msg_81,node4,node1,316,21000,21059.0,59.0,59.0,65.07407407407408,,4,,58.5,0,65.07407407407408,3,3,5,4
msg_82,node4,node2,316,21000,21070.0,70.0,68.0,65.07407407407408,,4,,69.45,0,65.07407407407408,3,3,5,4
msg_83,node4,node3,316,21000,21081.0,81.0,81.0,65.07407407407408,,4,,80.45,0,65.07407407407408,3,3,5,4
msg_84,node4,node0,316,22000,22052.0,52.0,52.0,65.25,,4,,52.523809523809526,0,65.25,4,4,5,4
msg_85,node4,node1,316,22000,22058.0,58.0,58.0,65.09411764705882,,4,,58.523809523809526,0,65.09411764705882,3,3,5,4
msg_86,node4,node2,316,22000,22069.0,69.0,68.0,65.01162790697674,,4,,69.47619047619048,0,65.01162790697674,2,2,5,4
msg_87,node4,node3,316,22000,22080.0,80.0,80.0,65.01162790697674,,4,,80.47619047619048,0,65.01162790697674,2,2,5,4
msg_88,node4,node0,316,23000,23053.0,53.0,52.0,65.22727272727273,,4,,52.5,0,65.22727272727273,4,4,5,4
msg_89,node4,node1,316,23000,23059.0,59.0,59.0,65.08988764044943,,4,,58.5,0,65.08988764044943,3,3,5,4
msg_90,node4,node2,316,23000,23070.0,70.0,69.0,65.08988764044943,,4,,69.45454545454545,0,65.08988764044943,3,3,5,4
msg_91,node4,node3,316,23000,23081.0,81.0,81.0,65.08988764044943,,4,,80.45454545454545,0,65.08988764044943,3,3,5,4
msg_92,node4,node0,316,24000,24052.0,52.0,52.0,65.25,,4,,52.52173913043478,0,65.25,4,4,5,4
msg_93,node4,node1,316,24000,24058.0,58.0,59.0,65.10752688172043,,4,,58.52173913043478,0,65.10752688172043,3,3,5,4
msg_94,node4,node2,316,24000,24069.0,69.0,69.0,65.03191489361703,,4,,69.47826086956522,0,65.03191489361703,2,2,5,4
msg_95,node4,node3,316,24000,24080.0,80.0,80.0,65.03191489361703,,4,,80.47826086956522,0,65.03191489361703,2,2,5,4
msg_96,node4,node0,316,25000,25053.0,53.0,52.0,65.22916666666667,,4,,52.5,0,65.22916666666667,4,4,5,4
msg_97,node4,node1,316,25000,25059.0,59.0,59.0,65.22916666666667,,4,,58.5,0,65.22916666666667,4,4,5,4
msg_98,node4,node2,316,25000,25070.0,70.0,69.0,65.04081632653062,,4,,69.45833333333333,0,65.04081632653062,2,2,5,4
msg_99,node4,node3,316,25000,25081.0,81.0,80.0,65.04081632653062,,4,,80.45833333333333,0,65.04081632653062,2,2,5,4
msg_100,node4,node0,317,26000,26053.0,53.0,52.0,65.25,,4,,52.52,0,65.25,4,4,5,4
msg_101,node4,node1,317,26000,26059.0,59.0,59.0,65.25,,4,,58.52,0,65.25,4,4,5,4
msg_102,node4,node2,317,26000,26070.0,70.0,68.0,65.06862745098039,,4,,69.48,0,65.06862745098039,2,2,5,4
msg_103,node4,node3,317,26000,26081.0,81.0,80.0,65.06862745098039,,4,,80.48,0,65.06862745098039,2,2,5,4
msg_104,node4,node0,317,27000,27053.0,53.0,52.0,65.26923076923077,,4,,52.53846153846154,0,65.26923076923077,4,4,5,4
msg_105,node4,node1,317,27000,27059.0,59.0,59.0,65.26923076923077,,4,,58.53846153846154,0,65.26923076923077,4,4,5,4
msg_106,node4,node2,317,27000,27070.0,70.0,69.0,65.09433962264151,,4,,69.5,0,65.09433962264151,2,2,5,4
msg_107,node4,node3,317,27000,27081.0,81.0,81.0,65.09433962264151,,4,,80.5,0,65.09433962264151,2,2,5,4
msg_108,node4,node0,317,28000,28053.0,53.0,52.0,65.28703703703704,,4,,52.55555555555556,0,65.28703703703704,4,4,5,4
msg_109,node4,node1,317,28000,28059.0,59.0,59.0,65.28703703703704,,4,,58.55555555555556,0,65.28703703703704,4,4,5,4
msg_110,node4,node2,317,28000,28070.0,70.0,69.0,65.11818181818182,,4,,69.51851851851852,0,65.11818181818182,2,2,5,4
msg_111,node4,node3,317,28000,28081.0,81.0,81.0,65.11818181818182,,4,,80.51851851851852,0,65.11818181818182,2,2,5,4
msg_112,node4,node0,317,29000,29053.0,53.0,53.0,65.30357142857143,,4,,52.57142857142857,0,65.30357142857143,4,4,5,4
msg_113,node4,node1,317,29000,29059.0,59.0,58.0,65.19469026548673,,4,,58.57142857142857,0,65.19469026548673,3,3,5,4
msg_114,node4,node2,317,29000,29076.0,76.0,69.0,65.19469026548673,,4,,69.53571428571429,0,65.19469026548673,3,3,5,4
msg_115,node4,node3,317,29000,29081.0,81.0,80.0,65.19469026548673,,4,,80.53571428571429,0,65.19469026548673,3,3,5,4
msg_116,node4,node0,317,30000,30052.0,52.0,52.0,65.37068965517241,,4,,52.58620689655172,0,65.37068965517241,4,4,5,4
msg_117,node4,node1,317,30000,30058.0,58.0,58.0,65.25641025641026,,4,,58.58620689655172,0,65.25641025641026,3,3,5,4
msg_118,node4,node2,317,30000,30069.0,69.0,69.0,65.25641025641026,,4,,69.75862068965517,0,65.25641025641026,3,3,5,4
msg_119,node4,node3,317,30000,30080.0,80.0,79.0,65.22689075630252,,4,,80.55172413793103,0,65.22689075630252,1,1,5,4
msg_120,node4,node0,317,31000,31053.0,53.0,52.0,65.35,,4,,52.56666666666667,0,65.35,4,4,5,4
msg_121,node4,node1,317,31000,31059.0,59.0,58.0,65.24793388429752,,4,,58.56666666666667,0,65.24793388429752,3,3,5,4
msg_122,node4,node2,317,31000,31070.0,70.0,69.0,65.24793388429752,,4,,69.73333333333333,0,65.24793388429752,3,3,5,4
msg_123,node4,node3,317,31000,31081.0,81.0,80.0,65.24793388429752,,4,,80.53333333333333,0,65.24793388429752,3,3,5,4
msg_124,node4,node0,317,32000,32052.0,52.0,52.0,65.36290322580645,,4,,52.58064516129032,0,65.36290322580645,4,4,5,4
msg_125,node4,node1,317,32000,32058.0,58.0,58.0,65.256,,4,,58.58064516129032,0,65.256,3,3,5,4
msg_126,node4,node2,317,32000,32069.0,69.0,69.0,65.1984126984127,,4,,69.74193548387096,0,65.1984126984127,2,2,5,4
msg_127,node4,node3,317,32000,32080.0,80.0,80.0,65.1984126984127,,4,,80.54838709677419,0,65.1984126984127,2,2,5,4
msg_128,node4,node0,317,33000,33053.0,53.0,52.0,65.34375,,4,,52.5625,0,65.34375,4,4,5,4
msg_129,node4,node1,317,33000,33059.0,59.0,58.0,65.24806201550388,,4,,58.5625,0,65.24806201550388,3,3,5,4
msg_130,node4,node2,317,33000,33070.0,70.0,69.0,65.24806201550388,,4,,69.71875,0,65.24806201550388,3,3,5,4
msg_131,node4,node3,317,33000,33081.0,81.0,80.0,65.24806201550388,,4,,80.53125,0,65.24806201550388,3,3,5,4
msg_132,node4,node0,317,34000,34052.0,52.0,53.0,65.35606060606061,,4,,52.57575757575758,0,65.35606060606061,4,4,5,4
msg_133,node4,node1,317,34000,34058.0,58.0,58.0,65.25563909774436,,4,,58.57575757575758,0,65.25563909774436,3,3,5,4
msg_134,node4,node2,317,34000,34069.0,69.0,69.0,65.20149253731343,,4,,69.72727272727273,0,65.20149253731343,2,2,5,4
msg_135,node4,node3,317,34000,34080.0,80.0,80.0,65.20149253731343,,4,,80.54545454545455,0,65.20149253731343,2,2,5,4
msg_136,node4,node0,317,35000,35053.0,53.0,53.0,65.33823529411765,,4,,52.55882352941177,0,65.33823529411765,4,4,5,4
msg_137,node4,node1,317,35000,35059.0,59.0,58.0,65.24817518248175,,4,,58.55882352941177,0,65.24817518248175,3,3,5,4
msg_138,node4,node2,317,35000,35070.0,70.0,69.0,65.24817518248175,,4,,69.70588235294117,0,65.24817518248175,3,3,5,4
msg_139,node4,node3,317,35000,35081.0,81.0,80.0,65.24817518248175,,4,,80.52941176470588,0,65.24817518248175,3,3,5,4
msg_140,node4,node0,317,36000,36052.0,52.0,53.0,65.35,,4,,52.57142857142857,0,65.35,4,4,5,4
msg_141,node4,node1,317,36000,36058.0,58.0,58.0,65.25531914893617,,4,,58.57142857142857,0,65.25531914893617,3,3,5,4
msg_142,node4,node2,317,36000,36069.0,69.0,69.0,65.25531914893617,,4,,69.71428571428571,0,65.25531914893617,3,3,5,4
msg_143,node4,node3,317,36000,36080.0,80.0,80.0,65.25531914893617,,4,,80.54285714285714,0,65.25531914893617,3,3,5,4
msg_144,node4,node0,317,37000,37052.0,52.0,52.0,65.33333333333333,,4,,52.55555555555556,0,65.33333333333333,4,4,5,4
msg_145,node4,node1,317,37000,37058.0,58.0,58.0,65.24137931034483,,4,,58.55555555555556,0,65.24137931034483,3,3,5,4
msg_146,node4,node2,317,37000,37069.0,69.0,69.0,65.1917808219178,,4,,69.69444444444444,0,65.1917808219178,2,2,5,4
msg_147,node4,node3,317,37000,37080.0,80.0,80.0,65.1917808219178,,4,,80.52777777777777,0,65.1917808219178,2,2,5,4
msg_148,node4,node0,317,38000,38053.0,53.0,52.0,65.31756756756756,,4,,52.54054054054054,0,65.31756756756756,4,4,5,4
msg_149,node4,node1,317,38000,38059.0,59.0,58.0,65.23489932885906,,4,,58.54054054054054,0,65.23489932885906,3,3,5,4
msg_150,node4,node2,317,38000,38070.0,70.0,69.0,65.23489932885906,,4,,69.67567567567568,0,65.23489932885906,3,3,5,4
msg_151,node4,node3,317,38000,38081.0,81.0,80.0,65.23489932885906,,4,,80.51351351351352,0,65.23489932885906,3,3,5,4
msg_152,node4,node0,317,39000,39052.0,52.0,52.0,65.32894736842105,,4,,52.55263157894737,0,65.32894736842105,4,4,5,4
msg_153,node4,node1,317,39000,39058.0,58.0,58.0,65.24183006535948,,4,,58.55263157894737,0,65.24183006535948,3,3,5,4
msg_154,node4,node2,317,39000,39069.0,69.0,68.0,65.1948051948052,,4,,69.6842105263158,0,65.1948051948052,2,2,5,4
msg_155,node4,node3,317,39000,39080.0,80.0,80.0,65.1948051948052,,4,,80.52631578947368,0,65.1948051948052,2,2,5,4
msg_156,node4,node0,317,40000,40053.0,53.0,52.0,65.31410256410257,,4,,52.53846153846154,0,65.31410256410257,4,4,5,4
msg_157,node4,node1,317,40000,40059.0,59.0,58.0,65.23566878980891,,4,,58.53846153846154,0,65.23566878980891,3,3,5,4
msg_158,node4,node2,317,40000,40070.0,70.0,70.0,65.23566878980891,,4,,69.66666666666667,0,65.23566878980891,3,3,5,4
msg_159,node4,node3,317,40000,40081.0,81.0,80.0,65.23566878980891,,4,,80.51282051282051,0,65.23566878980891,3,3,5,4
msg_160,node4,node0,317,41000,41052.0,52.0,52.0,65.325,,4,,52.55,0,65.325,4,4,5,4
msg_161,node4,node1,317,41000,41058.0,58.0,58.0,65.24223602484471,,4,,58.55,0,65.24223602484471,3,3,5,4
msg_162,node4,node2,317,41000,41069.0,69.0,68.0,65.19753086419753,,4,,69.675,0,65.19753086419753,2,2,5,4
msg_163,node4,node3,317,41000,41080.0,80.0,80.0,65.19753086419753,,4,,80.525,0,65.19753086419753,2,2,5,4
msg_164,node4,node0,317,42000,42053.0,53.0,53.0,65.3109756097561,,4,,52.53658536585366,0,65.3109756097561,4,4,5,4
msg_165,node4,node1,317,42000,42059.0,59.0,58.0,65.23636363636363,,4,,58.53658536585366,0,65.23636363636363,3,3,5,4
msg_166,node4,node2,317,42000,42076.0,76.0,70.0,65.23636363636363,,4,,69.65853658536585,0,65.23636363636363,3,3,5,4
msg_167,node4,node3,317,42000,42081.0,81.0,80.0,65.23636363636363,,4,,80.51219512195122,0,65.23636363636363,3,3,5,4
msg_168,node4,node0,317,43000,43052.0,52.0,52.0,65.35714285714286,,4,,52.54761904761905,0,65.35714285714286,4,4,5,4
msg_169,node4,node1,317,43000,43058.0,58.0,58.0,65.27810650887574,,4,,58.54761904761905,0,65.27810650887574,3,3,5,4
msg_170,node4,node2,317,43000,43069.0,69.0,69.0,65.27810650887574,,4,,69.80952380952381,0,65.27810650887574,3,3,5,4
msg_171,node4,node3,317,43000,43080.0,80.0,79.0,65.27810650887574,,4,,80.52380952380952,0,65.27810650887574,3,3,5,4
msg_172,node4,node0,317,44000,44052.0,52.0,52.0,65.34302325581395,,4,,52.53488372093023,0,65.34302325581395,4,4,5,4
msg_173,node4,node1,317,44000,44058.0,58.0,58.0,65.26589595375722,,4,,58.53488372093023,0,65.26589595375722,3,3,5,4
msg_174,node4,node2,317,44000,44069.0,69.0,69.0,65.22413793103448,,4,,69.79069767441861,0,65.22413793103448,2,2,5,4
msg_175,node4,node3,317,44000,44080.0,80.0,80.0,65.22413793103448,,4,,80.51162790697674,0,65.22413793103448,2,2,5,4
msg_176,node4,node0,317,45000,45053.0,53.0,52.0,65.32954545454545,,4,,52.52272727272727,0,65.32954545454545,4,4,5,4
msg_177,node4,node1,317,45000,45059.0,59.0,58.0,65.25988700564972,,4,,58.52272727272727,0,65.25988700564972,3,3,5,4
msg_178,node4,node2,317,45000,45070.0,70.0,69.0,65.25988700564972,,4,,69.77272727272727,0,65.25988700564972,3,3,5,4
msg_179,node4,node3,317,45000,45081.0,81.0,79.0,65.25988700564972,,4,,80.5,0,65.25988700564972,3,3,5,4
msg_180,node4,node0,317,46000,46052.0,52.0,52.0,65.33888888888889,,4,,52.53333333333333,0,65.33888888888889,4,4,5,4
msg_181,node4,node1,317,46000,46058.0,58.0,58.0,65.26519337016575,,4,,58.53333333333333,0,65.26519337016575,3,3,5,4
msg_182,node4,node2,317,46000,46069.0,69.0,68.0,65.22527472527473,,4,,69.77777777777777,0,65.22527472527473,2,2,5,4
msg_183,node4,node3,317,46000,46080.0,80.0,79.0,65.22527472527473,,4,,80.5111111111111,0,65.22527472527473,2,2,5,4
msg_184,node4,node0,317,47000,47053.0,53.0,52.0,65.32608695652173,,4,,52.52173913043478,0,65.32608695652173,4,4,5,4
msg_185,node4,node1,317,47000,47059.0,59.0,59.0,65.32608695652173,,4,,58.52173913043478,0,65.32608695652173,4,4,5,4
msg_186,node4,node2,317,47000,47070.0,70.0,69.0,65.2258064516129,,4,,69.76086956521739,0,65.2258064516129,2,2,5,4
msg_187,node4,node3,317,47000,47081.0,81.0,80.0,65.2258064516129,,4,,80.5,0,65.2258064516129,2,2,5,4
msg_188,node4,node0,317,48000,48053.0,53.0,52.0,65.33510638297872,,4,,52.53191489361702,0,65.33510638297872,4,4,5,4
msg_189,node4,node1,317,48000,48059.0,59.0,58.0,65.26984126984127,,4,,58.53191489361702,0,65.26984126984127,3,3,5,4
msg_190,node4,node2,317,48000,48070.0,70.0,69.0,65.26984126984127,,4,,69.76595744680851,0,65.26984126984127,3,3,5,4
msg_191,node4,node3,317,48000,48081.0,81.0,80.0,65.26984126984127,,4,,80.51063829787235,0,65.26984126984127,3,3,5,4
msg_192,node4,node0,317,49000,49052.0,52.0,52.0,65.34375,,4,,52.541666666666664,0,65.34375,4,4,5,4
msg_193,node4,node1,317,49000,49058.0,58.0,58.0,65.27461139896373,,4,,58.541666666666664,0,65.27461139896373,3,3,5,4
msg_194,node4,node2,317,49000,49069.0,69.0,69.0,65.27461139896373,,4,,69.77083333333333,0,65.27461139896373,3,3,5,4
msg_195,node4,node3,317,49000,49080.0,80.0,79.0,65.25641025641026,,4,,80.52083333333333,0,65.25641025641026,1,1,5,4
msg_196,node4,node0,317,50000,50052.0,52.0,52.0,65.33163265306122,,4,,52.53061224489796,0,65.33163265306122,4,4,5,4
msg_197,node4,node1,317,50000,50058.0,58.0,58.0,65.26395939086295,,4,,58.53061224489796,0,65.26395939086295,3,3,5,4
msg_198,node4,node2,317,50000,50069.0,69.0,69.0,65.26395939086295,,4,,69.75510204081633,0,65.26395939086295,3,3,5,4
msg_199,node4,node3,317,50000,50080.0,80.0,80.0,65.26395939086295,,4,,80.51020408163265,0,65.26395939086295,3,3,5,4
msg_200,node4,node0,317,51000,51052.0,52.0,53.0,65.32,,4,,52.52,0,65.32,4,4,5,4
msg_201,node4,node1,317,51000,51058.0,58.0,58.0,65.25373134328358,,4,,58.52,0,65.25373134328358,3,3,5,4
msg_202,node4,node2,317,51000,51069.0,69.0,69.0,65.21782178217822,,4,,69.74,0,65.21782178217822,2,2,5,4
msg_203,node4,node3,317,51000,51080.0,80.0,80.0,65.21782178217822,,4,,80.5,0,65.21782178217822,2,2,5,4
msg_204,node4,node0,317,52000,52053.0,53.0,52.0,65.30882352941177,,4,,52.509803921568626,0,65.30882352941177,4,4,5,4
msg_205,node4,node1,317,52000,52059.0,59.0,58.0,65.24878048780488,,4,,58.509803921568626,0,65.24878048780488,3,3,5,4
msg_206,node4,node2,317,52000,52076.0,76.0,70.0,65.24878048780488,,4,,69.72549019607843,0,65.24878048780488,3,3,5,4
msg_207,node4,node3,317,52000,52081.0,81.0,80.0,65.24878048780488,,4,,80.49019607843137,0,65.24878048780488,3,3,5,4
msg_208,node4,node0,317,53000,53052.0,52.0,52.0,65.34615384615384,,4,,52.51923076923077,0,65.34615384615384,4,4,5,4
msg_209,node4,node1,317,53000,53058.0,58.0,59.0,65.2822966507177,,4,,58.51923076923077,0,65.2822966507177,3,3,5,4
msg_210,node4,node2,317,53000,53069.0,69.0,69.0,65.24761904761905,,4,,69.84615384615384,0,65.24761904761905,2,2,5,4
msg_211,node4,node3,317,53000,53080.0,80.0,80.0,65.24761904761905,,4,,80.5,0,65.24761904761905,2,2,5,4
msg_212,node4,node0,317,54000,54053.0,53.0,52.0,65.33490566037736,,4,,52.509433962264154,0,65.33490566037736,4,4,5,4
msg_213,node4,node1,317,54000,54059.0,59.0,58.0,65.27699530516432,,4,,58.509433962264154,0,65.27699530516432,3,3,5,4
msg_214,node4,node2,317,54000,54070.0,70.0,69.0,65.27699530516432,,4,,69.83018867924528,0,65.27699530516432,3,3,5,4
msg_215,node4,node3,317,54000,54081.0,81.0,79.0,65.27699530516432,,4,,80.49056603773585,0,65.27699530516432,3,3,5,4
msg_216,node4,node0,317,55000,55052.0,52.0,52.0,65.3425925925926,,4,,52.51851851851852,0,65.3425925925926,4,4,5,4
msg_217,node4,node1,317,55000,55058.0,58.0,59.0,65.28110599078342,,4,,58.51851851851852,0,65.28110599078342,3,3,5,4
msg_218,node4,node2,317,55000,55069.0,69.0,69.0,65.28110599078342,,4,,69.83333333333333,0,65.28110599078342,3,3,5,4
msg_219,node4,node3,317,55000,55080.0,80.0,79.0,65.2648401826484,,4,,80.5,0,65.2648401826484,1,1,5,4
msg_220,node4,node0,317,56000,56053.0,53.0,52.0,65.33181818181818,,4,,52.50909090909091,0,65.33181818181818,4,4,5,4
msg_221,node4,node1,317,56000,56059.0,59.0,59.0,65.33181818181818,,4,,58.50909090909091,0,65.33181818181818,4,4,5,4
msg_222,node4,node2,317,56000,56070.0,70.0,69.0,65.24774774774775,,4,,69.81818181818181,0,65.24774774774775,2,2,5,4
msg_223,node4,node3,317,56000,56081.0,81.0,80.0,65.24774774774775,,4,,80.49090909090908,0,65.24774774774775,2,2,5,4
msg_224,node4,node0,317,57000,57053.0,53.0,52.0,65.33928571428571,,4,,52.517857142857146,0,65.33928571428571,4,4,5,4
msg_225,node4,node1,317,57000,57059.0,59.0,59.0,65.33928571428571,,4,,58.517857142857146,0,65.33928571428571,4,4,5,4
msg_226,node4,node2,317,57000,57070.0,70.0,69.0,65.2566371681416,,4,,69.82142857142857,0,65.2566371681416,2,2,5,4
msg_227,node4,node3,317,57000,57081.0,81.0,80.0,65.2566371681416,,4,,80.5,0,65.2566371681416,2,2,5,4
msg_228,node4,node0,317,58000,58053.0,53.0,52.0,65.34649122807018,,4,,52.526315789473685,0,65.34649122807018,4,4,5,4
msg_229,node4,node1,317,58000,58059.0,59.0,58.0,65.29257641921397,,4,,58.526315789473685,0,65.29257641921397,3,3,5,4
msg_230,node4,node2,317,58000,58070.0,70.0,69.0,65.29257641921397,,4,,69.82456140350877,0,65.29257641921397,3,3,5,4
msg_231,node4,node3,317,58000,58081.0,81.0,79.0,65.29257641921397,,4,,80.50877192982456,0,65.29257641921397,3,3,5,4
msg_232,node4,node0,317,59000,59052.0,52.0,52.0,65.35344827586206,,4,,52.53448275862069,0,65.35344827586206,4,4,5,4
msg_233,node4,node1,317,59000,59058.0,58.0,58.0,65.29613733905579,,4,,58.53448275862069,0,65.29613733905579,3,3,5,4
msg_234,node4,node2,317,59000,,,70.0,65.26495726495726,,4,,69.82758620689656,0,65.26495726495726,6,4,5,4
msg_235,node4,node3,317,59000,,,80.0,65.26495726495726,,4,,80.51724137931035,0,65.26495726495726,6,4,5,4
msg_236,node4,node0,317,60000,,,53.0,65.26495726495726,,4,,52.52542372881356,0,65.26495726495726,6,4,5,4
msg_237,node4,node1,317,60000,,,60.0,65.26495726495726,,4,,58.52542372881356,0,65.26495726495726,6,4,5,4
msg_238,node4,node2,317,60000,,,70.0,65.26495726495726,,4,,69.82758620689656,0,65.26495726495726,6,4,5,4
msg_239,node4,node3,317,60000,,,80.0,65.26495726495726,,4,,80.51724137931035,0,65.26495726495726,6,4,5,4
