real_timestamp,real_datetime,simulation_time_s,relative_real_time_s
1757426119.8238373,2025-09-09 15:55:19.823837,0.0,0.9976718425750732
1757426119.8245513,2025-09-09 15:55:19.824551,1.0,0.9983859062194824
1757426120.9122524,2025-09-09 15:55:20.912252,1.002,2.0860869884490967
1757426122.6433797,2025-09-09 15:55:22.643380,1.002,3.817214250564575
1757426122.6546571,2025-09-09 15:55:22.654657,2.0,3.828491687774658
1757426122.7867484,2025-09-09 15:55:22.786748,2.002,3.960582971572876
1757426122.792722,2025-09-09 15:55:22.792722,3.0,3.9665565490722656
1757426122.9375749,2025-09-09 15:55:22.937575,3.001,4.111409425735474
1757426122.9435492,2025-09-09 15:55:22.943549,4.0,4.117383718490601
1757426123.0933921,2025-09-09 15:55:23.093392,4.001,4.267226696014404
1757426123.0994556,2025-09-09 15:55:23.099456,5.0,4.273290157318115
1757426123.2586343,2025-09-09 15:55:23.258634,5.001,4.432468891143799
1757426123.2646198,2025-09-09 15:55:23.264620,6.0,4.4384543895721436
1757426123.4183855,2025-09-09 15:55:23.418386,6.001,4.592220067977905
1757426123.424781,2025-09-09 15:55:23.424781,7.0,4.598615646362305
1757426123.5498567,2025-09-09 15:55:23.549857,7.001,4.72369122505188
1757426123.5546863,2025-09-09 15:55:23.554686,8.0,4.72852087020874
1757426123.6766067,2025-09-09 15:55:23.676607,8.001,4.850441217422485
1757426123.6814966,2025-09-09 15:55:23.681497,9.0,4.855331182479858
1757426123.796475,2025-09-09 15:55:23.796475,9.001,4.970309495925903
1757426123.8008192,2025-09-09 15:55:23.800819,10.0,4.974653720855713
1757426123.9169612,2025-09-09 15:55:23.916961,10.001,5.0907957553863525
1757426123.9213026,2025-09-09 15:55:23.921303,11.0,5.095137119293213
1757426124.0412774,2025-09-09 15:55:24.041277,11.001,5.215111970901489
1757426124.0456586,2025-09-09 15:55:24.045659,12.0,5.21949315071106
1757426124.1703806,2025-09-09 15:55:24.170381,12.001,5.344215154647827
1757426124.1747358,2025-09-09 15:55:24.174736,13.0,5.348570346832275
1757426124.3003411,2025-09-09 15:55:24.300341,13.001,5.474175691604614
1757426124.3051732,2025-09-09 15:55:24.305173,14.0,5.479007720947266
1757426124.4438,2025-09-09 15:55:24.443800,14.001,5.617634534835815
1757426124.448506,2025-09-09 15:55:24.448506,15.0,5.622340679168701
1757426124.5825264,2025-09-09 15:55:24.582526,15.001,5.75636100769043
1757426124.587116,2025-09-09 15:55:24.587116,16.0,5.760950565338135
1757426124.7215934,2025-09-09 15:55:24.721593,16.001,5.895427942276001
1757426124.7260246,2025-09-09 15:55:24.726025,17.0,5.899859189987183
1757426124.8643765,2025-09-09 15:55:24.864377,17.001,6.038211107254028
1757426124.8688934,2025-09-09 15:55:24.868893,18.0,6.042727947235107
1757426125.0102382,2025-09-09 15:55:25.010238,18.001,6.184072732925415
1757426125.0146928,2025-09-09 15:55:25.014693,19.0,6.188527345657349
1757426125.159114,2025-09-09 15:55:25.159114,19.001,6.332948446273804
1757426125.1636055,2025-09-09 15:55:25.163605,20.0,6.337440013885498
1757426125.3095248,2025-09-09 15:55:25.309525,20.001,6.483359336853027
1757426125.3140395,2025-09-09 15:55:25.314039,21.0,6.4878740310668945
1757426125.5464802,2025-09-09 15:55:25.546480,21.001,6.7203147411346436
1757426125.5510466,2025-09-09 15:55:25.551047,22.0,6.724881172180176
1757426125.702625,2025-09-09 15:55:25.702625,22.001,6.87645959854126
1757426125.7072098,2025-09-09 15:55:25.707210,23.0,6.881044387817383
1757426125.8634977,2025-09-09 15:55:25.863498,23.001,7.03733229637146
1757426125.8679504,2025-09-09 15:55:25.867950,24.0,7.041785001754761
1757426126.0258179,2025-09-09 15:55:26.025818,24.001,7.199652433395386
1757426126.030302,2025-09-09 15:55:26.030302,25.0,7.204136610031128
1757426126.191603,2025-09-09 15:55:26.191603,25.001,7.3654375076293945
1757426126.1961007,2025-09-09 15:55:26.196101,26.0,7.3699352741241455
1757426126.3597553,2025-09-09 15:55:26.359755,26.001,7.533589839935303
1757426126.3642817,2025-09-09 15:55:26.364282,27.0,7.538116216659546
1757426126.5321746,2025-09-09 15:55:26.532175,27.001,7.706009149551392
1757426126.5367148,2025-09-09 15:55:26.536715,28.0,7.710549354553223
1757426126.7078152,2025-09-09 15:55:26.707815,28.001,7.881649732589722
1757426126.7125099,2025-09-09 15:55:26.712510,29.0,7.8863444328308105
1757426126.8886409,2025-09-09 15:55:26.888641,29.001,8.062475442886353
1757426126.893214,2025-09-09 15:55:26.893214,30.0,8.0670485496521
1757426127.0701478,2025-09-09 15:55:27.070148,30.001,8.243982315063477
1757426127.0747628,2025-09-09 15:55:27.074763,31.0,8.248597383499146
1757426127.2563107,2025-09-09 15:55:27.256311,31.001,8.430145263671875
1757426127.2608886,2025-09-09 15:55:27.260889,32.0,8.434723138809204
1757426127.4444134,2025-09-09 15:55:27.444413,32.001,8.618247985839844
1757426127.4490018,2025-09-09 15:55:27.449002,33.0,8.622836351394653
1757426127.6422358,2025-09-09 15:55:27.642236,33.001,8.816070318222046
1757426127.6469138,2025-09-09 15:55:27.646914,34.0,8.820748329162598
1757426127.8434641,2025-09-09 15:55:27.843464,34.001,9.017298698425293
1757426127.848313,2025-09-09 15:55:27.848313,35.0,9.02214765548706
1757426128.0492096,2025-09-09 15:55:28.049210,35.001,9.223044157028198
1757426128.0538986,2025-09-09 15:55:28.053899,36.0,9.227733135223389
1757426128.258295,2025-09-09 15:55:28.258295,36.001,9.432129621505737
1757426128.2629857,2025-09-09 15:55:28.262986,37.0,9.436820268630981
1757426128.4714236,2025-09-09 15:55:28.471424,37.001,9.64525818824768
1757426128.4761596,2025-09-09 15:55:28.476160,38.0,9.649994134902954
1757426128.690041,2025-09-09 15:55:28.690041,38.001,9.8638756275177
1757426128.6947598,2025-09-09 15:55:28.694760,39.0,9.868594408035278
1757426128.91179,2025-09-09 15:55:28.911790,39.001,10.08562445640564
1757426128.9167285,2025-09-09 15:55:28.916728,40.0,10.09056305885315
1757426129.1361508,2025-09-09 15:55:29.136151,40.001,10.309985399246216
1757426129.140955,2025-09-09 15:55:29.140955,41.0,10.314789533615112
1757426129.3650467,2025-09-09 15:55:29.365047,41.001,10.538881301879883
1757426129.369957,2025-09-09 15:55:29.369957,42.0,10.54379153251648
1757426129.596043,2025-09-09 15:55:29.596043,42.001,10.769877672195435
1757426129.600936,2025-09-09 15:55:29.600936,43.0,10.774770498275757
1757426129.832639,2025-09-09 15:55:29.832639,43.001,11.006473541259766
1757426129.8375926,2025-09-09 15:55:29.837593,44.0,11.011427164077759
1757426130.0721152,2025-09-09 15:55:30.072115,44.001,11.245949745178223
1757426130.0773003,2025-09-09 15:55:30.077300,45.0,11.251134872436523
1757426130.3182166,2025-09-09 15:55:30.318217,45.001,11.492051124572754
1757426130.3230822,2025-09-09 15:55:30.323082,46.0,11.496916770935059
1757426130.5699635,2025-09-09 15:55:30.569963,46.001,11.743798017501831
1757426130.57477,2025-09-09 15:55:30.574770,47.0,11.748604536056519
1757426130.8259141,2025-09-09 15:55:30.825914,47.001,11.999748706817627
1757426130.830861,2025-09-09 15:55:30.830861,48.0,12.004695653915405
1757426131.0858088,2025-09-09 15:55:31.085809,48.001,12.259643316268921
1757426131.0908923,2025-09-09 15:55:31.090892,49.0,12.264726877212524
1757426131.3465476,2025-09-09 15:55:31.346548,49.001,12.520382165908813
1757426131.3515108,2025-09-09 15:55:31.351511,50.0,12.52534532546997
1757426131.6106272,2025-09-09 15:55:31.610627,50.001,12.784461736679077
1757426131.6154714,2025-09-09 15:55:31.615471,51.0,12.789305925369263
1757426131.879064,2025-09-09 15:55:31.879064,51.001,13.052898645401001
1757426131.8840008,2025-09-09 15:55:31.884001,52.0,13.057835340499878
1757426132.150867,2025-09-09 15:55:32.150867,52.001,13.32470154762268
1757426132.156239,2025-09-09 15:55:32.156239,53.0,13.330073595046997
1757426132.4345984,2025-09-09 15:55:32.434598,53.001,13.60843300819397
1757426132.4397414,2025-09-09 15:55:32.439741,54.0,13.61357593536377
1757426132.7162263,2025-09-09 15:55:32.716226,54.001,13.890060901641846
1757426132.7212272,2025-09-09 15:55:32.721227,55.0,13.895061731338501
1757426133.0002017,2025-09-09 15:55:33.000202,55.001,14.174036264419556
1757426133.0052254,2025-09-09 15:55:33.005225,56.0,14.179059982299805
1757426133.2897613,2025-09-09 15:55:33.289761,56.001,14.463595867156982
1757426133.2948456,2025-09-09 15:55:33.294846,57.0,14.468680143356323
1757426133.5804765,2025-09-09 15:55:33.580477,57.001,14.754311084747314
1757426133.5855231,2025-09-09 15:55:33.585523,58.0,14.759357690811157
1757426133.875854,2025-09-09 15:55:33.875854,58.001,15.049688577651978
1757426133.8810246,2025-09-09 15:55:33.881025,59.0,15.054859161376953
1757426134.177988,2025-09-09 15:55:34.177988,59.001,15.3518226146698
1757426134.1830394,2025-09-09 15:55:34.183039,60.0,15.356873989105225
